steps,time,reward,delta,converged
1,0.0032193656557803194,-4.4399999999999995,0.78,False
2,0.0024975861671178287,-4.4399999999999995,0,True
