steps,time,reward,delta,converged
1,0.010322197306937397,-19.720000000000027,0.78,False
2,0.00976002313487001,-19.720000000000027,0,True
